2025-07-28 09:03:32.492,"7b730789514a","7b730789514a",172.18.0.2,0.000000,1.220703,green,true,true,true,2025-07-28 02:31:39.882
2025-07-28 09:04:32.600,"7b730789514a","7b730789514a",172.18.0.2,0.000000,1.220703,green,true,true,true,2025-07-28 02:31:39.882
2025-07-28 09:05:32.679,"7b730789514a","7b730789514a",172.18.0.2,0.000000,1.220703,green,true,true,true,2025-07-28 02:31:39.882
2025-07-28 09:06:32.788,"7b730789514a","7b730789514a",172.18.0.2,0.000000,1.220703,green,true,true,true,2025-07-28 02:31:39.882
2025-07-28 09:07:32.871,"7b730789514a","7b730789514a",172.18.0.2,0.000000,1.220703,green,true,true,true,2025-07-28 02:31:39.882
2025-07-28 09:08:32.962,"7b730789514a","7b730789514a",172.18.0.2,0.000000,1.220703,green,true,true,true,2025-07-28 02:31:39.882
2025-07-28 09:09:33.042,"7b730789514a","7b730789514a",172.18.0.2,0.000000,1.220703,green,true,true,true,2025-07-28 02:31:39.882
2025-07-28 09:10:33.121,"7b730789514a","7b730789514a",172.18.0.2,0.000000,1.220703,green,true,true,true,2025-07-28 02:31:39.882
2025-07-28 09:11:33.222,"7b730789514a","7b730789514a",172.18.0.2,0.000000,1.220703,green,true,true,true,2025-07-28 02:31:39.882
2025-07-28 09:12:33.307,"7b730789514a","7b730789514a",172.18.0.2,0.000000,1.220703,green,true,true,true,2025-07-28 02:31:39.882
2025-07-28 09:13:33.391,"7b730789514a","7b730789514a",172.18.0.2,0.000000,1.220703,green,true,true,true,2025-07-28 02:31:39.882
2025-07-28 09:14:33.474,"7b730789514a","7b730789514a",172.18.0.2,0.000000,1.220703,green,true,true,true,2025-07-28 02:31:39.882
2025-07-28 09:15:33.562,"7b730789514a","7b730789514a",172.18.0.2,0.000000,1.220703,green,true,true,true,2025-07-28 02:31:39.882
2025-07-28 09:16:33.656,"7b730789514a","7b730789514a",172.18.0.2,0.000000,1.220703,green,true,true,true,2025-07-28 02:31:39.882
2025-07-28 09:17:33.733,"7b730789514a","7b730789514a",172.18.0.2,0.000000,1.220703,green,true,true,true,2025-07-28 02:31:39.882
2025-07-28 09:18:33.788,"7b730789514a","7b730789514a",172.18.0.2,0.000000,1.220703,green,true,true,true,2025-07-28 02:31:39.882
2025-07-28 09:19:33.875,"7b730789514a","7b730789514a",172.18.0.2,0.000000,1.220703,green,true,true,true,2025-07-28 02:31:39.882
2025-07-28 09:20:33.953,"7b730789514a","7b730789514a",172.18.0.2,0.000000,1.220703,green,true,true,true,2025-07-28 02:31:39.882
2025-07-28 09:21:34.016,"7b730789514a","7b730789514a",172.18.0.2,0.000000,1.220703,green,true,true,true,2025-07-28 02:31:39.882
2025-07-28 09:22:34.089,"7b730789514a","7b730789514a",172.18.0.2,0.000000,1.220703,green,true,true,true,2025-07-28 02:31:39.882
2025-07-28 09:23:34.168,"7b730789514a","7b730789514a",172.18.0.2,0.000000,1.220703,green,true,true,true,2025-07-28 02:31:39.882
2025-07-28 09:24:34.249,"7b730789514a","7b730789514a",172.18.0.2,0.000000,1.220703,green,true,true,true,2025-07-28 02:31:39.882
2025-07-28 09:25:34.360,"7b730789514a","7b730789514a",172.18.0.2,0.000000,1.220703,green,true,true,true,2025-07-28 02:31:39.882
2025-07-28 09:26:34.447,"7b730789514a","7b730789514a",172.18.0.2,0.000000,1.220703,green,true,true,true,2025-07-28 02:31:39.882
2025-07-28 09:27:34.531,"7b730789514a","7b730789514a",172.18.0.2,0.000000,1.220703,green,true,true,true,2025-07-28 02:31:39.882
2025-07-28 09:28:34.609,"7b730789514a","7b730789514a",172.18.0.2,0.000000,1.220703,green,true,true,true,2025-07-28 02:31:39.882
2025-07-28 09:29:34.691,"7b730789514a","7b730789514a",172.18.0.2,0.000000,1.220703,green,true,true,true,2025-07-28 02:31:39.882
2025-07-28 09:30:34.777,"7b730789514a","7b730789514a",172.18.0.2,0.000000,1.220703,green,true,true,true,2025-07-28 02:31:39.882
2025-07-28 09:31:34.860,"7b730789514a","7b730789514a",172.18.0.2,0.000000,1.220703,green,true,true,true,2025-07-28 02:31:39.882
2025-07-28 09:32:34.801,"7b730789514a","7b730789514a",172.18.0.2,0.000000,1.220703,green,true,true,true,2025-07-28 02:31:39.882
2025-07-28 09:33:34.866,"7b730789514a","7b730789514a",172.18.0.2,0.000000,1.220703,green,true,true,true,2025-07-28 02:31:39.882
2025-07-28 09:34:34.938,"7b730789514a","7b730789514a",172.18.0.2,0.000000,1.220703,green,true,true,true,2025-07-28 02:31:39.882
2025-07-28 09:35:35.011,"7b730789514a","7b730789514a",172.18.0.2,0.000000,1.220703,green,true,true,true,2025-07-28 02:31:39.882
2025-07-28 09:36:35.092,"7b730789514a","7b730789514a",172.18.0.2,0.000000,1.220703,green,true,true,true,2025-07-28 02:31:39.882
2025-07-28 09:37:35.170,"7b730789514a","7b730789514a",172.18.0.2,0.000000,1.220703,green,true,true,true,2025-07-28 02:31:39.882
2025-07-28 09:38:35.247,"7b730789514a","7b730789514a",172.18.0.2,0.000000,1.220703,green,true,true,true,2025-07-28 02:31:39.882
2025-07-28 09:39:35.326,"7b730789514a","7b730789514a",172.18.0.2,0.000000,1.220703,green,true,true,true,2025-07-28 02:31:39.882
2025-07-28 09:40:35.398,"7b730789514a","7b730789514a",172.18.0.2,0.000000,1.220703,green,true,true,true,2025-07-28 02:31:39.882
2025-07-28 09:41:35.451,"7b730789514a","7b730789514a",172.18.0.2,0.000000,1.220703,green,true,true,true,2025-07-28 02:31:39.882
2025-07-28 09:42:35.519,"7b730789514a","7b730789514a",172.18.0.2,0.000000,1.220703,green,true,true,true,2025-07-28 02:31:39.882
2025-07-28 09:43:35.599,"7b730789514a","7b730789514a",172.18.0.2,0.000000,1.220703,green,true,true,true,2025-07-28 02:31:39.882
2025-07-28 09:44:35.676,"7b730789514a","7b730789514a",172.18.0.2,0.000000,1.220703,green,true,true,true,2025-07-28 02:31:39.882
2025-07-28 09:45:35.754,"7b730789514a","7b730789514a",172.18.0.2,0.000000,1.220703,green,true,true,true,2025-07-28 02:31:39.882
2025-07-28 09:46:35.833,"7b730789514a","7b730789514a",172.18.0.2,0.000000,1.220703,green,true,true,true,2025-07-28 02:31:39.882
2025-07-28 09:47:35.928,"7b730789514a","7b730789514a",172.18.0.2,0.000000,1.220703,green,true,true,true,2025-07-28 02:31:39.882
2025-07-28 09:48:36.008,"7b730789514a","7b730789514a",172.18.0.2,0.000000,1.220703,green,true,true,true,2025-07-28 02:31:39.882
2025-07-28 09:49:36.067,"7b730789514a","7b730789514a",172.18.0.2,0.000000,1.220703,green,true,true,true,2025-07-28 02:31:39.882
2025-07-28 09:50:36.131,"7b730789514a","7b730789514a",172.18.0.2,0.000000,1.220703,green,true,true,true,2025-07-28 02:31:39.882
2025-07-28 09:51:36.209,"7b730789514a","7b730789514a",172.18.0.2,0.000000,1.220703,green,true,true,true,2025-07-28 02:31:39.882
2025-07-28 09:52:36.273,"7b730789514a","7b730789514a",172.18.0.2,0.000000,1.220703,green,true,true,true,2025-07-28 02:31:39.882
2025-07-28 09:53:36.345,"7b730789514a","7b730789514a",172.18.0.2,0.000000,1.220703,green,true,true,true,2025-07-28 02:31:39.882
2025-07-28 09:54:36.426,"7b730789514a","7b730789514a",172.18.0.2,0.000000,1.220703,green,true,true,true,2025-07-28 02:31:39.882
2025-07-28 09:55:36.500,"7b730789514a","7b730789514a",172.18.0.2,0.000000,1.220703,green,true,true,true,2025-07-28 02:31:39.882
2025-07-28 09:56:36.575,"7b730789514a","7b730789514a",172.18.0.2,0.000000,1.220703,green,true,true,true,2025-07-28 02:31:39.882
2025-07-28 09:57:36.650,"7b730789514a","7b730789514a",172.18.0.2,0.000000,1.220703,green,true,true,true,2025-07-28 02:31:39.882
2025-07-28 09:58:36.729,"7b730789514a","7b730789514a",172.18.0.2,0.000000,1.220703,green,true,true,true,2025-07-28 02:31:39.882
2025-07-28 09:59:36.806,"7b730789514a","7b730789514a",172.18.0.2,0.000000,1.220703,green,true,true,true,2025-07-28 02:31:39.882
2025-07-28 10:00:36.882,"7b730789514a","7b730789514a",172.18.0.2,0.000000,1.220703,green,true,true,true,2025-07-28 02:31:39.882
2025-07-28 10:01:36.975,"7b730789514a","7b730789514a",172.18.0.2,0.000000,1.220703,green,true,true,true,2025-07-28 02:31:39.882
2025-07-28 10:02:37.051,"7b730789514a","7b730789514a",172.18.0.2,0.000000,1.220703,green,true,true,true,2025-07-28 02:31:39.882
